"0","rdf_summary <- mturk_workers %>% 
  group_by(treatment) %>%
  summarize(mean_age = mean(age), se_age = sd(age)/sqrt(n()),
            mean_female = mean(female), se_female= sd(female)/sqrt(n()),
            mean_education = mean(education), se_education = sd(education)/sqrt(n()),
            mean_political = mean(political), se_political = sd(political)/sqrt(n()),
            mean_risky = mean(risky), se_risky = sd(risky)/sqrt(n()),
            mean_green = mean(green), se_green = sd(green)/sqrt(n()),
            n = n())
"
"2","Error in summarize(., mean_age = mean(age), se_age = sd(age)/sqrt(n()),  : 
  argument ""by"" is missing, with no default
"
